text,data,bss,dec,hex,filename
33720,744,779,35243,89ab,AFSK_Imperial_March
33460,400,779,34639,874f,AFSK_Tone
33592,400,779,34771,87d3,AFSK_Tone_AM
38480,450,814,39744,9b40,APRS_MicE
39306,548,814,40668,9edc,APRS_Position
37992,486,792,39270,9966,APRS_Position_LoRa
35634,462,789,36885,9015,AX25_Frames
35222,424,789,36435,8e53,AX25_Transmit
36076,442,795,37313,91c1,AX25_Transmit_AFSK
36250,470,802,37522,9292,BellModem_Transmit
22862,438,759,24059,5dfb,CC1101_Receive_Address
22742,438,759,23939,5d83,CC1101_Receive_Blocking
22832,438,760,24030,5dde,CC1101_Receive_Interrupt
22982,542,1103,24627,6033,CC1101_Settings
21594,438,759,22791,5907,CC1101_Transmit_Address
22490,440,761,23691,5c8b,CC1101_Transmit_Blocking
22594,454,764,23812,5d04,CC1101_Transmit_Interrupt
34410,446,829,35685,8b65,FSK4_Transmit
34446,446,835,35727,8b8f,FSK4_Transmit_AFSK
36608,446,795,37849,93d9,Hellschreiber_Transmit
36720,462,801,37983,945f,Hellschreiber_Transmit_AFSK
28194,618,797,29609,73a9,LR11x0_Channel_Activity_Detection_Blocking
28434,618,798,29850,749a,LR11x0_Channel_Activity_Detection_Interrupt
29658,450,797,30905,78b9,LR11x0_GFSK_Modem
29068,618,862,30548,7754,LR11x0_GNSS_Almanac_Update
30094,634,812,31540,7b34,LR11x0_GNSS_Autonomous_Position
29958,626,801,31385,7a99,LR11x0_GNSS_Satellites
28130,446,797,29373,72bd,LR11x0_LR_FHSS_Modem
29848,642,801,31291,7a3b,LR11x0_PingPong
29694,630,797,31121,7991,LR11x0_Receive_Blocking
29774,630,798,31202,79e2,LR11x0_Receive_Interrupt
29606,644,799,31049,7949,LR11x0_Transmit_Blocking
29312,646,802,30760,7828,LR11x0_Transmit_Interrupt
31542,652,797,32991,80df,LR11x0_WiFi_Scan_Blocking
31660,652,798,33110,8156,LR11x0_WiFi_Scan_Interrupt
61840,1914,2261,66015,101df,LoRaWAN_ABP
68570,2176,2315,73061,11d65,LoRaWAN_Class_C
68670,2174,2317,73161,11dc9,LoRaWAN_Multicast
64364,1946,2259,68569,10bd9,LoRaWAN_Reference
61874,1914,2259,66047,101ff,LoRaWAN_Starter
65708,1242,2774,69724,1105c,LoRaWAN_TS_Packages
35732,410,832,36974,906e,Morse_Receive_AM
36800,438,830,38068,94b4,Morse_Transmit_AM
36662,438,830,37930,942a,Morse_Transmit_FM
36626,438,824,37888,9400,Morse_Transmit_SSB
39358,412,812,40582,9e86,Pager_Receive
39386,430,810,40626,9eb2,Pager_Transmit
35108,426,773,36307,8dd3,PhysicalLayer_Interface
21828,402,762,22992,59d0,RF69_Receive_AES
22094,386,762,23242,5aca,RF69_Receive_Address
22136,398,762,23296,5b00,RF69_Receive_Blocking
22208,398,763,23369,5b49,RF69_Receive_Interrupt
22800,510,1109,24419,5f63,RF69_Settings
20962,414,762,22138,567a,RF69_Transmit_AES
21226,398,762,22386,5772,RF69_Transmit_Address
21930,400,764,23094,5a36,RF69_Transmit_Blocking
22036,414,767,23217,5ab1,RF69_Transmit_Interrupt
36736,436,803,37975,9457,RTTY_Transmit
36772,436,809,38017,9481,RTTY_Transmit_AFSK
35522,1760,865,38147,9503,SSTV_Transmit
35572,1760,871,38203,953b,SSTV_Transmit_AFSK
21908,388,763,23059,5a13,SX123x_Receive_Blocking
21964,402,765,23131,5a5b,SX123x_Transmit_Blocking
38698,638,825,40161,9ce1,SX126x_Channel_Activity_Detection_Blocking
38922,638,826,40386,9dc2,SX126x_Channel_Activity_Detection_Interrupt
40842,650,827,42319,a54f,SX126x_Channel_Activity_Detection_Receive
40100,660,825,41585,a271,SX126x_FSK_Modem
40086,666,827,41579,a26b,SX126x_LR_FHSS_Transmit_Blocking
39732,666,830,41228,a10c,SX126x_LR_FHSS_Transmit_Interrupt
40286,664,829,41779,a333,SX126x_PingPong
40400,650,825,41875,a393,SX126x_Receive_Blocking
40478,650,826,41954,a3e2,SX126x_Receive_Interrupt
42328,890,1233,44451,ada3,SX126x_Settings
41060,650,825,42535,a627,SX126x_Spectrum_Scan
41500,668,825,42993,a7f1,SX126x_Spectrum_Scan_Frequency
40112,666,827,41605,a285,SX126x_Transmit_Blocking
39822,666,830,41318,a166,SX126x_Transmit_Interrupt
33060,400,773,34233,85b9,SX127x_Channel_Activity_Detection_Blocking
33416,400,775,34591,871f,SX127x_Channel_Activity_Detection_Interrupt
35442,412,776,36630,8f16,SX127x_Channel_Activity_Detection_Receive
35286,422,773,36481,8e81,SX127x_FSK_Modem
34748,426,777,35951,8c6f,SX127x_PingPong
34976,412,773,36161,8d41,SX127x_Receive_Blocking
33134,442,773,34349,862d,SX127x_Receive_Direct
34654,424,777,35855,8c0f,SX127x_Receive_FHSS
35068,412,774,36254,8d9e,SX127x_Receive_Interrupt
38526,642,1131,40299,9d6b,SX127x_Settings
34566,428,775,35769,8bb9,SX127x_Transmit_Blocking
35158,646,787,36591,8eef,SX127x_Transmit_FHSS
34274,428,778,35480,8a98,SX127x_Transmit_Interrupt
26662,422,782,27866,6cda,SX128x_BLE_Modem
25356,408,782,26546,67b2,SX128x_Channel_Activity_Detection_Blocking
25590,408,783,26781,689d,SX128x_Channel_Activity_Detection_Interrupt
26714,430,782,27926,6d16,SX128x_FLRC_Modem
26638,426,782,27846,6cc6,SX128x_GFSK_Modem
26898,456,782,28136,6de8,SX128x_Ranging
27108,420,782,28310,6e96,SX128x_Receive_Blocking
27198,420,783,28401,6ef1,SX128x_Receive_Interrupt
26700,648,1149,28497,6f51,SX128x_Settings
26388,424,784,27596,6bcc,SX128x_Transmit_Blocking
26496,436,787,27719,6c47,SX128x_Transmit_Interrupt
23992,388,757,25137,6231,Si443x_Receive_Blocking
24076,388,758,25222,6286,Si443x_Receive_Interrupt
24292,508,1099,25899,652b,Si443x_Settings
24170,402,759,25331,62f3,Si443x_Transmit_Blocking
24254,416,762,25432,6358,Si443x_Transmit_Interrupt
33730,400,1289,35419,8a5b,Stream_Receive
34132,914,787,35833,8bf9,Stream_Transmit
17508,390,746,18644,48d4,nRF24_Receive_Blocking
17604,390,747,18741,4935,nRF24_Receive_Interrupt
17838,406,748,18992,4a30,nRF24_Transmit_Blocking
17914,418,751,19083,4a8b,nRF24_Transmit_Interrupt
